description,category
Swiggy food order,Food & Dining
Zomato delivery,Food & Dining
Dominos Farmhouse Pizza,Food & Dining
McDonalds Burger meal,Food & Dining
Starbucks Latte,Food & Dining
KFC Hot Wings,Food & Dining
Subway Veggie Delite,Food & Dining
Haldirams Thali,Food & Dining
Chai Point Ginger Tea,Food & Dining
Cafe Coffee Day Cappuccino,Food & Dining
Uber ride to office,Transportation
Ola cab downtown,Transportation
Rapido bike ride,Transportation
Namma Metro card recharge,Transportation
Shell Petrol pump,Transportation
IOCL Diesel refill,Transportation
Fastag highway toll deduction,Transportation
IRCTC Train ticket booking,Transportation
IndiGo flight Delhi to Bangalore,Transportation
Blinkit quick delivery groceries,Groceries
Zepto instant veggies,Groceries
Instamart milk and bread,Groceries
BigBasket monthly staples,Groceries
D-Mart supermarket provisions,Groceries
Mother Dairy milk pouch,Groceries
BESCOM electricity bill,Utilities & Bills
Tata Power electric charge,Utilities & Bills
Airtel broadband fiber bill,Utilities & Bills
Jio prepaid recharge 3 months,Utilities & Bills
Tata Play DTH subscription,Utilities & Bills
Apartment monthly rent payment,Housing & Rent
Society maintenance charges,Housing & Rent
Landlord advance security deposit,Housing & Rent
Netflix monthly 4k subscription,Entertainment
Spotify individual premium,Entertainment
Disney Hotstar VIP plan,Entertainment
PVR Cinemas IMAX movie tickets,Entertainment
BookMyShow concert pass,Entertainment
Amazon India electronic accessories,Shopping
Flipkart Big Billion Days apparel,Shopping
Myntra sneakers and jacket,Shopping
Zara formal trousers,Shopping
IKEA study desk,Shopping
Apollo Pharmacy medicines,Healthcare
Medplus diagnostic tests,Healthcare
Practo doctor consultation fee,Healthcare
1mg multivitamins,Healthcare
Monthly Software Engineering Salary,Salary
TCS monthly payroll credit,Salary
Infosys tech stipend,Salary
Freelance web development payment,Freelance & Bonus
Upwork client payout,Freelance & Bonus
Zerodha quarterly dividend credit,Investments
Groww mutual fund SIP deduction,Investments
